[
    {
        "id": 1,
        "priority": 2,
        "action": {
            "type": "redirect",
            "redirect": {
                "url": "https://www.netflix.com/browse"
            }
        },
        "condition": {
            "urlFilter": "*://*.netflix.com/logout*",
            "resourceTypes": [
                "main_frame",
                "xmlhttprequest",
                "sub_frame",
                "other"
            ]
        }
    },
    {
        "id": 2,
        "priority": 2,
        "action": {
            "type": "redirect",
            "redirect": {
                "url": "https://www.netflix.com/browse"
            }
        },
        "condition": {
            "urlFilter": "*://*.netflix.com/Logout*",
            "resourceTypes": [
                "main_frame",
                "xmlhttprequest",
                "sub_frame",
                "other"
            ]
        }
    },
    {
        "id": 3,
        "priority": 2,
        "action": {
            "type": "redirect",
            "redirect": {
                "url": "https://www.netflix.com/browse"
            }
        },
        "condition": {
            "urlFilter": "*://*.netflix.com/signout*",
            "resourceTypes": [
                "main_frame",
                "xmlhttprequest",
                "sub_frame",
                "other"
            ]
        }
    },
    {
        "id": 4,
        "priority": 2,
        "action": {
            "type": "redirect",
            "redirect": {
                "url": "https://www.netflix.com/browse"
            }
        },
        "condition": {
            "urlFilter": "*://*.netflix.com/SignOut*",
            "resourceTypes": [
                "main_frame",
                "xmlhttprequest",
                "sub_frame",
                "other"
            ]
        }
    },
    {
        "id": 7,
        "priority": 2,
        "action": {
            "type": "redirect",
            "redirect": {
                "url": "https://www.netflix.com/browse"
            }
        },
        "condition": {
            "urlFilter": "*://*.netflix.com/api/shakti/*/signout*",
            "resourceTypes": [
                "main_frame",
                "xmlhttprequest",
                "sub_frame",
                "other"
            ]
        }
    },
    {
        "id": 8,
        "priority": 2,
        "action": {
            "type": "redirect",
            "redirect": {
                "url": "https://www.netflix.com/browse"
            }
        },
        "condition": {
            "urlFilter": "*://*.netflix.com/api/*/signout*",
            "resourceTypes": [
                "main_frame",
                "xmlhttprequest",
                "sub_frame",
                "other"
            ]
        }
    },
    {
        "id": 9,
        "priority": 2,
        "action": {
            "type": "redirect",
            "redirect": {
                "url": "https://www.netflix.com/browse"
            }
        },
        "condition": {
            "urlFilter": "*://*.netflix.com/api/account/logout*",
            "resourceTypes": [
                "main_frame",
                "xmlhttprequest",
                "sub_frame",
                "other"
            ]
        }
    },
    {
        "id": 10,
        "priority": 2,
        "action": {
            "type": "redirect",
            "redirect": {
                "url": "https://www.netflix.com/browse"
            }
        },
        "condition": {
            "urlFilter": "*://api.netflix.com/*signout*",
            "resourceTypes": [
                "main_frame",
                "xmlhttprequest",
                "sub_frame",
                "other"
            ]
        }
    },
    {
        "id": 11,
        "priority": 2,
        "action": {
            "type": "redirect",
            "redirect": {
                "url": "https://www.netflix.com/browse"
            }
        },
        "condition": {
            "urlFilter": "*://api.netflix.com/*logout*",
            "resourceTypes": [
                "main_frame",
                "xmlhttprequest",
                "sub_frame",
                "other"
            ]
        }
    }
]